[
    {
        "id": 1,
        "user_id": 1,
        "product_id": 3,
        "timestamp": "2025-09-29T17:45:00"
    },
    {
        "id": 2,
        "user_id": 1,
        "product_id": 3,
        "timestamp": "2025-10-13T01:10:17.507557"
    },
    {
        "id": 3,
        "user_id": 1,
        "product_id": 3,
        "timestamp": "2025-10-15T21:01:20.578709"
    },
    {
        "id": 4,
        "user_id": 1,
        "product_id": 3,
        "timestamp": "2025-10-15T21:18:28.424244"
    },
    {
        "id": 5,
        "user_id": 1,
        "product_id": 3,
        "timestamp": "2025-10-15T21:24:23.950432"
    },
    {
        "id": 6,
        "user_id": 1,
        "product_id": 3,
        "timestamp": "2025-10-15T21:28:04.292055"
    },
    {
        "id": 7,
        "user_id": 1,
        "product_id": 3,
        "timestamp": "2025-10-15T22:27:14.361204"
    },
    {
        "id": 8,
        "user_id": 1,
        "product_id": 3,
        "timestamp": "2025-10-15T22:47:56.360956"
    },
    {
        "id": 9,
        "user_id": 1,
        "product_id": 3,
        "timestamp": "2025-10-15T22:52:31.269265"
    },
    {
        "id": 10,
        "user_id": 1,
        "product_id": 3,
        "timestamp": "2025-10-15T22:56:53.242364"
    },
    {
        "id": 11,
        "user_id": 1,
        "product_id": 3,
        "timestamp": "2025-10-15T22:58:56.243341"
    },
    {
        "id": 12,
        "user_id": 1,
        "product_id": 3,
        "timestamp": "2025-10-15T23:05:58.879994"
    },
    {
        "id": 13,
        "user_id": 1,
        "product_id": 3,
        "timestamp": "2025-10-17T00:27:46.033358"
    },
    {
        "id": 14,
        "user_id": 1,
        "product_id": 3,
        "timestamp": "2025-10-17T05:18:40.139072"
    },
    {
        "id": 15,
        "user_id": 1,
        "product_id": 3,
        "timestamp": "2025-10-17T14:56:13.557724"
    },
    {
        "id": 16,
        "user_id": 1,
        "product_id": 3,
        "timestamp": "2025-10-17T15:56:31.123671"
    },
    {
        "id": 17,
        "user_id": 1,
        "product_id": 3,
        "timestamp": "2025-10-17T23:59:28.540354"
    },
    {
        "id": 18,
        "user_id": 1,
        "product_id": 3,
        "timestamp": "2025-10-18T02:39:00.922675"
    },
    {
        "id": 19,
        "user_id": 1,
        "product_id": 3,
        "timestamp": "2025-10-18T03:12:09.380228"
    },
    {
        "id": 20,
        "user_id": 1,
        "product_id": 3,
        "timestamp": "2025-10-18T03:12:52.081991"
    },
    {
        "id": 21,
        "user_id": 1,
        "product_id": 3,
        "timestamp": "2025-10-18T03:13:54.758176"
    },
    {
        "id": 22,
        "user_id": 1,
        "product_id": 3,
        "timestamp": "2025-10-18T03:19:38.733025"
    },
    {
        "id": 23,
        "user_id": 1,
        "product_id": 3,
        "timestamp": "2025-10-18T03:20:32.266555"
    },
    {
        "id": 24,
        "user_id": 1,
        "product_id": 3,
        "timestamp": "2025-10-18T03:21:31.251138"
    },
    {
        "id": 25,
        "user_id": 1,
        "product_id": 3,
        "timestamp": "2025-10-18T03:23:26.756590"
    },
    {
        "id": 26,
        "user_id": 1,
        "product_id": 3,
        "timestamp": "2025-10-18T03:27:25.132819"
    },
    {
        "id": 27,
        "user_id": 1,
        "product_id": 3,
        "timestamp": "2025-10-18T03:28:11.426967"
    },
    {
        "id": 28,
        "user_id": 1,
        "product_id": 3,
        "timestamp": "2025-10-18T03:30:20.284283"
    },
    {
        "id": 29,
        "user_id": 1,
        "product_id": 3,
        "timestamp": "2025-10-18T03:35:20.911340"
    },
    {
        "id": 30,
        "user_id": 1,
        "product_id": 3,
        "timestamp": "2025-10-30T03:45:25.688959"
    }
]