[
    {
        "id": 1,
        "name": "Alice",
        "purchased_products": [
            3,
            3,
            3,
            3,
            3,
            3,
            3,
            3,
            3,
            3,
            3,
            3,
            3,
            3,
            3,
            3,
            3,
            3,
            3,
            3,
            3,
            3,
            3,
            3,
            3,
            3,
            3,
            3
        ]
    },
    {
        "id": 2,
        "name": "Bob",
        "purchased_products": []
    },
    {
        "id": 3,
        "name": "Carlos",
        "purchased_products": []
    },
    {
        "id": 4,
        "name": "Carlos",
        "purchased_products": []
    },
    {
        "id": 5,
        "name": "Carlos",
        "purchased_products": []
    },
    {
        "id": 6,
        "name": "Carlos",
        "purchased_products": []
    },
    {
        "id": 7,
        "name": "Carlos",
        "purchased_products": []
    },
    {
        "id": 8,
        "name": "Carlos",
        "purchased_products": []
    },
    {
        "id": 9,
        "name": "Carlos",
        "purchased_products": []
    },
    {
        "id": 10,
        "name": "Carlos",
        "purchased_products": []
    },
    {
        "id": 11,
        "name": "Carlos",
        "purchased_products": []
    },
    {
        "id": 12,
        "name": "Carlos",
        "purchased_products": []
    },
    {
        "id": 13,
        "name": "Carlos",
        "purchased_products": []
    },
    {
        "id": 14,
        "name": "Carlos",
        "purchased_products": []
    },
    {
        "id": 15,
        "name": "Carlos",
        "purchased_products": []
    },
    {
        "id": 16,
        "name": "Carlos",
        "purchased_products": []
    },
    {
        "id": 17,
        "name": "Carlos",
        "purchased_products": []
    },
    {
        "id": 18,
        "name": "Carlos",
        "purchased_products": []
    },
    {
        "id": 19,
        "name": "Carlos",
        "purchased_products": []
    },
    {
        "id": 20,
        "name": "Carlos",
        "purchased_products": []
    },
    {
        "id": 21,
        "name": "Carlos",
        "purchased_products": []
    },
    {
        "id": 22,
        "name": "Carlos",
        "purchased_products": []
    },
    {
        "id": 23,
        "name": "Carlos",
        "purchased_products": []
    },
    {
        "id": 24,
        "name": "Carlos",
        "purchased_products": []
    },
    {
        "id": 25,
        "name": "Carlos",
        "purchased_products": []
    },
    {
        "id": 26,
        "name": "Carlos",
        "purchased_products": []
    },
    {
        "id": 27,
        "name": "Carlos",
        "purchased_products": []
    },
    {
        "id": 28,
        "name": "Carlos",
        "purchased_products": []
    },
    {
        "id": 29,
        "name": "Carlos",
        "purchased_products": []
    },
    {
        "id": 30,
        "name": "Carlos",
        "purchased_products": []
    },
    {
        "id": 31,
        "name": "Carlos",
        "purchased_products": []
    },
    {
        "id": 32,
        "name": "Carlos",
        "purchased_products": []
    },
    {
        "id": 33,
        "name": "Carlos",
        "purchased_products": []
    },
    {
        "id": 34,
        "name": "Carlos",
        "purchased_products": []
    },
    {
        "id": 35,
        "name": "Carlos",
        "purchased_products": []
    },
    {
        "id": 36,
        "name": "Carlos",
        "purchased_products": []
    }
]