[
    {
        "id": 1,
        "name": "Apple"
    },
    {
        "id": 2,
        "name": "Banana"
    },
    {
        "id": 3,
        "name": "Laptop"
    },
    {
        "id": 4,
        "name": "Laptop"
    },
    {
        "id": 5,
        "name": "Laptop"
    },
    {
        "id": 6,
        "name": "Laptop"
    },
    {
        "id": 7,
        "name": "Laptop"
    },
    {
        "id": 8,
        "name": "Laptop"
    },
    {
        "id": 9,
        "name": "Laptop"
    },
    {
        "id": 10,
        "name": "Laptop"
    },
    {
        "id": 11,
        "name": "Laptop"
    },
    {
        "id": 12,
        "name": "Laptop"
    },
    {
        "id": 13,
        "name": "Laptop"
    },
    {
        "id": 14,
        "name": "Laptop"
    },
    {
        "id": 15,
        "name": "Laptop"
    },
    {
        "id": 16,
        "name": "Laptop"
    },
    {
        "id": 17,
        "name": "Laptop"
    },
    {
        "id": 18,
        "name": "Laptop"
    },
    {
        "id": 19,
        "name": "Laptop"
    },
    {
        "id": 20,
        "name": "Laptop"
    },
    {
        "id": 21,
        "name": "Laptop"
    },
    {
        "id": 22,
        "name": "Laptop"
    },
    {
        "id": 23,
        "name": "Laptop"
    },
    {
        "id": 24,
        "name": "Laptop"
    },
    {
        "id": 25,
        "name": "Laptop"
    },
    {
        "id": 26,
        "name": "Laptop"
    },
    {
        "id": 27,
        "name": "Laptop"
    },
    {
        "id": 28,
        "name": "Laptop"
    },
    {
        "id": 29,
        "name": "Laptop"
    },
    {
        "id": 30,
        "name": "Laptop"
    },
    {
        "id": 31,
        "name": "Laptop"
    },
    {
        "id": 32,
        "name": "Laptop"
    },
    {
        "id": 33,
        "name": "Laptop"
    },
    {
        "id": 34,
        "name": "Laptop"
    },
    {
        "id": 35,
        "name": "Laptop"
    },
    {
        "id": 36,
        "name": "Laptop"
    },
    {
        "id": 37,
        "name": "Laptop"
    },
    {
        "id": 38,
        "name": "Laptop"
    },
    {
        "id": 39,
        "name": "Laptop"
    },
    {
        "id": 40,
        "name": "Laptop"
    },
    {
        "id": 41,
        "name": "Laptop"
    }
]